名前,性別,年齢,都道府県
高岡 直人,男,71,山梨県
栗林 雅之,男,46,滋賀県
福地 めぐみ,女,44,兵庫県
都築 麗奈,女,74,福岡県
大和 米蔵,男,22,北海道
山形 美紀,女,47,北海道
長澤 精児,男,31,新潟県
野上 玲那,女,63,長崎県
大矢 勇一,男,34,岐阜県
吉岡 みゆき,女,45,愛知県
北山 恵麻,女,41,三重県
大木 正敏,男,53,埼玉県
山岡 恵子,女,44,秋田県
薬師丸 千佳子,女,41,福岡県
山崎 麗奈,女,37,島根県
大川 季衣,女,44,北海道
北村 ケンイチ,男,51,愛知県
江口 信吾,男,41,東京都
吹越 由美子,女,65,埼玉県
西島 なつみ,女,43,新潟県
本多 芳正,男,58,岡山県
安藤 恵梨香,女,56,大阪府
真田 信輔,男,52,群馬県
池上 亮,男,54,東京都
武内 そら,女,35,広島県
水川 まさみ,女,40,埼玉県
桑原 杏,女,45,岡山県
島本 桃子,女,41,北海道
田沢 洋介,男,70,大阪府
伊崎 草太,男,38,愛知県
綾小路 雅彦,男,76,三重県
辻 光洋,男,49,長野県
根岸 和香,女,25,茨城県
田畑 大五郎,男,33,愛媛県
玉山 勇,女,43,宮崎県
下村 莉央,女,32,埼玉県
沖田 南朋,女,59,愛知県
北川 砂羽,女,26,宮崎県
神谷 麻緒,女,33,東京都
寺沢 碧海,男,68,東京都
町田 勝久,男,77,新潟県
溝口 真悠子,女,70,東京都
川辺 一恵,女,65,愛知県
村中 雅彦,男,30,茨城県
日野 真悠子,女,42,東京都
沢田 昌代,女,45,奈良県
塚本 杏,女,44,千葉県
関根 慎之介,男,54,千葉県
佐古 寛治,男,74,大阪府
前原 一恵,女,37,兵庫県
向井 メイサ,女,24,埼玉県
麻生 あや子,女,64,群馬県
安永 りえ,女,49,東京都
岸 佳乃,女,37,千葉県
藤 郁恵,女,48,東京都
森下 芳正,男,80,兵庫県
鶴岡 さとみ,女,27,岐阜県
杉浦 麗奈,女,60,埼玉県
中川 真一,男,80,東京都
重田 郁恵,女,49,北海道
上杉 竜次,男,66,茨城県
山内 さやか,女,69,神奈川県
真鍋 麗奈,女,73,滋賀県
宮野 直人,男,53,秋田県
依田 結子,女,35,埼玉県
木下 康文,男,29,兵庫県
矢野 太朗,男,32,埼玉県
小出 サンタマリア,女,49,千葉県
飯野 恭子,女,46,高知県
遠山 まさみ,女,55,愛知県
岩谷 徹平,男,44,鹿児島県
西原 智花,女,44,群馬県
大後 知世,女,55,大阪府
井出 優,男,63,静岡県
中原 輝信,男,79,福島県
野村 美佳,女,26,山口県
熊田 扶樹,男,58,長崎県
小野 未來,男,56,栃木県
大場 遥,女,39,兵庫県
西島 隼士,男,56,長野県
大川 勇,女,29,長野県
吉田 徹,男,22,秋田県
浅倉 樹里,女,62,山梨県
高沢 薫,男,22,京都府
藤本 恵梨香,女,78,大阪府
西秋 薫,女,52,北海道
橋本 竜也,男,50,福岡県
亀田 はるか,女,24,愛知県
菅野 ひかり,女,57,秋田県
若槻 寿々花,女,21,香川県
椎名 友香,女,78,神奈川県
三田 健,男,54,石川県
根岸 莉央,女,24,東京都
花田 慶太,男,68,埼玉県
中島 亮,男,53,愛知県
宇佐美 たかお,男,49,広島県
朝倉 建,男,62,千葉県
川畑 恵梨香,女,47,広島県
下田 慶二,男,77,大阪府
石坂 亮,男,50,岐阜県
奈良 光,男,71,神奈川県
田川 芳正,男,36,三重県
安座間 れいな,女,32,東京都
西口 まさみ,女,65,京都府
松下 六郎,男,56,埼玉県
横田 敏也,男,40,青森県
森永 憲一,男,59,新潟県
橋爪 康文,男,36,鹿児島県
山瀬 ジョージ,男,44,長野県
津川 未來,女,35,千葉県
小寺 美幸,女,60,愛知県
磯野 新太,男,49,秋田県
綾瀬 莉緒,女,50,兵庫県
瀬戸 人志,男,59,京都府
小林 雄太,男,23,千葉県
岸 はじめ,男,75,福岡県
小口 祐一,男,64,茨城県
木村 洋介,男,72,大阪府
森下 昌代,女,24,秋田県
高島 あい,女,70,埼玉県
岩谷 朝香,女,35,神奈川県
高尾 コウ,女,26,東京都
藤崎 きみまろ,男,71,長崎県
吹石 浩太郎,男,22,愛知県
成海 朝香,女,24,群馬県
尾崎 真希,女,80,愛知県
奥田 浩正,男,51,埼玉県
川原 光洋,男,63,兵庫県
長田 光良,男,24,東京都
浅井 友香,女,67,和歌山県
田所 惇,男,46,東京都
早川 俊二,男,25,神奈川県
関 倫子,女,55,千葉県
川瀬 真悠子,女,80,兵庫県
角谷 鉄洋,男,57,佐賀県
蒼井 勇一,男,46,千葉県
紺野 優一,男,46,兵庫県
車 祐一,男,46,静岡県
小市 瞳,女,41,富山県
ト字 玲那,女,42,北海道
奥田 兼,男,23,神奈川県
寺本 那奈,女,69,新潟県
寺西 右京,男,44,神奈川県
鹿手袋 夏希,女,22,山口県
佐竹 光洋,男,55,東京都
遠山 幸子,女,46,東京都
小口 まなみ,女,40,熊本県
榊原 三省,男,59,神奈川県
栗田 南朋,女,29,鳥取県
浅利 徹,男,22,宮城県
亀山 拓郎,男,67,東京都
神原 恵梨香,女,48,大阪府
宮下 禄郎,男,32,愛知県
吉本 しぼり,女,65,宮城県
竹村 優,女,69,福岡県
志村 米蔵,男,67,千葉県
大橋 美佐子,女,31,宮崎県
山下 慶二,男,77,茨城県
神田 友香,女,79,東京都
新垣 寛治,男,44,福岡県
山田 拓郎,男,62,千葉県
小栗 早紀,女,40,東京都
高畑 まさし,男,42,大阪府
池田 雅之,男,36,秋田県
藤井 公顕,男,67,神奈川県
瀬戸内 由美子,女,38,熊本県
田淵 勇太,男,52,大阪府
花岡 淳,男,36,岐阜県
沖田 沙耶,女,66,高知県
及川 進,男,59,東京都
沢 優,女,33,熊本県
高崎 みき,女,77,兵庫県
西秋 博明,男,59,岐阜県
倉本 ひろ子,女,22,東京都
荻野 恵麻,女,23,埼玉県
菅野 ケンイチ,男,44,栃木県
竹内 桃子,女,48,埼玉県
大村 小百合,女,27,東京都
三井 だん吉,男,70,愛知県
神谷 隼士,男,60,千葉県
妹尾 寿々花,女,57,三重県
川越 くるみ,女,78,兵庫県
真田 あおい,女,24,徳島県
宮里 サダヲ,男,38,富山県
井口 ケンイチ,男,57,茨城県
都築 まなみ,女,68,兵庫県
吉岡 薫,女,56,東京都
松元 知世,女,44,愛知県
大下 杏,女,23,兵庫県
宮原 惇,男,78,徳島県
吉村 優,女,21,神奈川県
加藤 守,男,66,福島県
矢田 瞬,女,31,東京都
小柳 将也,男,52,東京都
宮下 美幸,女,26,三重県
六角 なつみ,女,50,神奈川県
泉 千夏,女,47,兵庫県
板橋 精児,男,33,東京都
石野 璃子,女,56,宮城県
野原 樹里,女,65,神奈川県
松山 莉沙,女,64,福岡県
小田 宏行,男,35,宮崎県
今井 陽介,男,20,新潟県
細川 人志,男,37,東京都
片平 祐基,男,43,神奈川県
皆川 充則,男,22,埼玉県
岡野 佳乃,女,68,岡山県
奥田 直人,男,47,北海道
若松 マサカズ,男,75,東京都
石本 美紀,女,51,山口県
高山 明宏,男,80,岡山県
秋山 米蔵,男,37,山口県
釈 莉央,女,71,愛媛県
前原 真悠子,女,53,新潟県
浅見 佑,男,69,秋田県
田口 友香,女,27,千葉県
相馬 まひる,女,72,福岡県
森永 仁,男,78,神奈川県
荒井 怜奈,女,62,山口県
仲田 新太,男,26,兵庫県
谷 雄太,男,40,京都府
吉沢 愛梨,女,61,東京都
矢沢 勇介,男,54,宮崎県
大城 雅之,男,25,京都府
岡本 美紀,女,23,山口県
岡 美帆,女,78,埼玉県
坂本 なつみ,女,50,神奈川県
宇野 聖陽,男,30,兵庫県
皆川 茜,女,61,京都府
根岸 照生,男,74,神奈川県
小市 ヒロ,男,43,福岡県
井田 綾,女,49,東京都
川井 研二,男,24,神奈川県
木村 景子,女,40,岐阜県
山川 恵梨香,女,39,北海道
倉本 弘也,男,59,北海道
小野 沙耶,女,71,埼玉県
寺岡 ケンイチ,男,64,静岡県
金山 奈月,女,22,千葉県
加納 信吾,男,64,福岡県
奥山 七世,女,26,広島県
神山 未來,男,28,東京都
長島 早紀,女,33,静岡県
加瀬 大五郎,男,23,愛知県
榊原 光洋,男,77,茨城県
長沢 さやか,女,51,東京都
沼田 孝太郎,男,30,京都府
玉置 丈雄,男,39,大阪府
竹本 裕次郎,男,36,東京都
大後 景子,女,71,静岡県
